Workbook

Sheet Leads
A1: # | B1: Creator / Channel Name | C1: Platform | D1: Niche | E1: Profile / Channel URL | F1: Subscribers / Followers | G1: Last Post Date | H1: Days Since Last Post | I1: Pain Point Observed | J1: Outreach Platform | K1: Outreach Date | L1: Status | M1: Follow-up Date | N1: Follow-up Done? | O1: Proposal Value ($) | P1: Notes
A2: =ROW()-1 | B2: Alex Rivera | C2: YouTube | D2: Business | E2: https://youtube.com/@alexrivera | F2: 18500 | G2: 2024-10-15 | H2: =IF(G2="","",TODAY()-G2) | I2: Posting gaps, wants to scale | J2: YouTube Comment | K2: 2025-01-10 | L2: Replied | M2: 2025-01-15 | N2: No | O2: 800 | P2: Very responsive
A3: =ROW()-1 | B3: FitWithSara | C3: Instagram | D3: Fitness | E3: https://instagram.com/fitwithsara | F3: 42000 | G3: 2024-11-20 | H3: =IF(G3="","",TODAY()-G3) | I3: Has course but no video editing | J3: Instagram DM | K3: 2025-01-08 | L3: DM Sent | M3: 2025-01-13 | N3: No | O3: 400
A4: =ROW()-1 | B4: CoachMarkB | C4: YouTube | D4: Coaching | E4: https://youtube.com/@coachmarkb | F4: 9200 | G4: 2024-09-01 | H4: =IF(G4="","",TODAY()-G4) | I4: Last post 4 months ago | J4: Cold Email | K4: 2025-01-05 | L4: Won | M4: 2025-01-10 | N4: Yes | O4: 1050 | P4: Signed retainer
A5: =ROW()-1 | B5: RealEstate_Jay | C5: LinkedIn | D5: Real Estate | E5: https://linkedin.com/in/realestatejay | F5: 5600 | G5: 2024-12-01 | H5: =IF(G5="","",TODAY()-G5) | I5: Posts raw unedited walk-throughs | J5: LinkedIn DM | K5: 2025-01-11 | L5: Call Booked | M5: 2025-01-16 | N5: No | O5: 1200 | P5: Call on Jan 16
A6: =ROW()-1 | B6: FinanceWithKim | C6: YouTube | D6: Finance | E6: https://youtube.com/@financewithkim | F6: 31000 | G6: 2024-10-28 | H6: =IF(G6="","",TODAY()-G6) | I6: Retention dropping per comments | J6: YouTube Comment | K6: 2025-01-07 | L6: Proposal Sent | M6: 2025-01-12 | N6: No | O6: 800 | P6: Waiting on decision
A7: =ROW()-1 | B7: TechTalksNow | C7: YouTube | D7: Tech | E7: https://youtube.com/@techtalks | F7: 7800 | G7: 2024-08-15 | H7: =IF(G7="","",TODAY()-G7) | I7: Posts 1x/month, wants 4x | J7: Cold Email | K7: 2025-01-03 | L7: Not Interested | M7: 2025-01-08 | N7: Yes | O7: 0 | P7: Too early stage
A8: =ROW()-1 | B8: DrAnnaWellness | C8: Instagram | D8: Coaching | E8: https://instagram.com/drannawellness | F8: 89000 | G8: 2024-12-10 | H8: =IF(G8="","",TODAY()-G8) | I8: No YouTube, wants to launch channel | J8: Instagram DM | K8: 2025-01-12 | L8: Replied | M8: 2025-01-17 | N8: No | O8: 1500 | P8: High budget potential
A9: =ROW()-1 | B9: PropFlipperTom | C9: YouTube | D9: Real Estate | E9: https://youtube.com/@propflippertom | F9: 3400 | G9: 2024-11-05 | H9: =IF(G9="","",TODAY()-G9) | I9: Low retention, boring pacing | J9: YouTube Comment | K9: 2025-01-09 | L9: DM Sent | M9: 2025-01-14 | N9: No | O9: 500
A10: =ROW()-1 | B10: GrowthMindMike | C10: Twitter | D10: Business | E10: https://twitter.com/growthmindmike | F10: 22000 | G10: 2024-12-15 | H10: =IF(G10="","",TODAY()-G10) | I10: Tweets about needing more consistency | J10: Twitter DM | K10: 2025-01-06 | L10: Not Contacted | M10: 2025-01-18 | N10: No | O10: 800 | P10: Hot lead
A11: =ROW()-1 | B11: LifestyleWithLena | C11: YouTube | D11: Lifestyle | E11: https://youtube.com/@lifestylewithlena | F11: 55000 | G11: 2024-10-22 | H11: =IF(G11="","",TODAY()-G11) | I11: Inconsistent uploads, high watch time | J11: Instagram DM | K11: 2025-01-04 | L11: Won | M11: 2025-01-09 | N11: Yes | O11: 1050 | P11: Monthly retainer active

Sheet Pipeline Summary
A1: PIPELINE SUMMARY
A2: Total Leads | B2: =COUNTA(Leads!B:B)-1
A3: DMs Sent | B3: =COUNTIF(Leads!L:L,"DM Sent")
A4: Replied | B4: =COUNTIF(Leads!L:L,"Replied")
A5: Calls Booked | B5: =COUNTIF(Leads!L:L,"Call Booked")
A6: Proposals Sent | B6: =COUNTIF(Leads!L:L,"Proposal Sent")
A7: Won | B7: =COUNTIF(Leads!L:L,"Won")
A8: Lost | B8: =COUNTIF(Leads!L:L,"Lost")
A9: Reply Rate | B9: =IF(B3=0,"",B4/B3)
A10: Win Rate (of total) | B10: =IF(B3=0,"",B7/B3)
A12: Total Pipeline Value | B12: =SUMIF(Leads!L:L,"Proposal Sent",Leads!O:O)+SUMIF(Leads!L:L,"Won",Leads!O:O)
A13: Total Won Revenue | B13: =SUMIF(Leads!L:L,"Won",Leads!O:O)
A15: Follow-ups Due Today | B15: =COUNTIFS(Leads!M:M,"<="&TODAY(),Leads!N:N,"No")

Sheet Follow-up Queue
A1: FOLLOW-UP QUEUE
A2: Filter the Leads sheet: Status ≠ Won/Lost/Not Interested | Follow-up Date ≤ Today | Follow-up Done = No
A3: # | B3: Creator / Channel | C3: Platform | D3: Status | E3: Follow-up Date | F3: Notes
